Abeia;;Yemen
Abyssinian;;Ethiopia
Achal-Teke;;China
Achal-Teke;;Czech Republic
Achal-Tekkiner;;Germany
Adaev;;Kazakhstan
Adaevskaya;;Turkmenistan
Adaevskaya;;Uzbekistan
Aglikos Katharohaemos;;Greece
Akhal Teke;;United Kingdom
Akhal-Teke;;Kazakhstan
Akhal-Teke;;United States of America
Akhaltekinskaya;;Russian Federation
Akhal-Tekinskaya;;Turkmenistan
Alogo kypriakis ektrofis;;Cyprus
Alpine;;United Kingdom
Altaiskaya;;Russian Federation
Altösterreichisches Warmblut;;Austria
Alt-Württemberger;;Germany
American Cream Draft;;United States of America
American Miniature;;United States of America
American Miniatur Horse;;Germany
Americano de silla;;Honduras
Americano de Silla;;Guatemala
American Quarter Horse;;South Africa
American Quarter Horse;;United Kingdom
American Saddle;;United Kingdom
American Saddleback;;Australia
American Saddle Horse;;Canada
American Saddle Horse;;Russian Federation
American Saddle Horse;;South Africa
American Saddle Horse;;United States of America
American Shetland Pony;;United States of America
American Thoroughbred;;Guyana
American Trotter;;Canada
American Trotter;;Lithuania
American Trotter;;Ukraine
American Trotter;;United States of America
American Walking Pony;;United States of America
Amurskaya;;Russian Federation
Anatolian;;Turkey
Andalucian;;United Kingdom
Andalusian;;Australia
Andalusian;;South Africa
Andalusier;;Germany
Andalusisch paard;;Netherlands
Andaluz;;Peru
Anglicky plnokrevnik;;Czech Republic
Anglický plnokrvnik;;Slovakia
Anglo-Arab;;France
Anglo Arabe;;Uruguay
Anglo-Arabe;;Senegal
Angloárabe;;Honduras
Anglo-árabe;;Spain
Angloarabialainen täysiverihevonen;;Finland
Anglo-Kabarda;;Georgia
Anglo-Kabarda;;Russian Federation
Anglo-Normand;;France
Anglo Normando;;Uruguay
Apaloosa;;El Salvador
Apaloosa;;Guatemala
Apaloosa;;Honduras
Appaloosa;;Australia
Appaloosa;;Brazil
Appaloosa;;Canada
Appaloosa;;Cuba
Appaloosa;;France
Appaloosa;;Germany
Appaloosa;;Mexico
Appaloosa;;Netherlands
Appaloosa;;Paraguay
Appaloosa;;South Africa
Appaloosa;;United Kingdom
Appaloosa;;United States of America
Appaloosa;;Uruguay
Appaloosa;;Venezuela
Appaloosa Pony;;United States of America
Arab;;Slovenia
Arab;;Albania
Arab;;Canada
Arab;;Egypt
Arab;;India
Arab;;Iraq
Arab;;Ireland
Arab;;Japan
Arab;;Lithuania
Arab;;New Zealand
Arab;;Senegal
Arab;;Syrian Arab Republic
Arab;;Turkey
Arab;;United Kingdom
Arab Barb;;Ghana
Arab-Barb;;Mauritania
Arabe;;Belgium
Arabe;;EI Salvador
Arabe;;France
Arabe;;Mali
Arabe;;Mauritania
Arabe;;Paraguay
Arabe;;Peru
Arabe;;Tunisia
Arabe;;Uruguay
Arabe;;Venezuela
Árabe;;Chile
Árabe;;Cuba
Árabe;;Guatemala
Árabe;;Honduras
Árabe;;Mexico
Árabe;;Nicaragua
Arabe Barbe;;Algeria
Arabe Barbe;;Tunisia
Araber;;Germany
Araber (Shagyy-, Anglo- Araber);;Germany
Arabhäst;;Sweden
Arab Horse;;South Africa
Arabialainen taysverihevonen;;Finland
Arabian;;Botswana
Arabian;;Brazil
Arabian;;Bulgaria
Arabian;;Jordan
Arabian;;Philippines
Arabian;;Romania
Arabian pure bred;;Russian Federation
Arabian Shagia;;Bulgaria
Arabian Thorough Bred;;Hungary
Arabic;;Latvia
Arabic;;Ukraine
Arabisch volbloed;;Netherlands
Arabský kôň;;Slovakia
Arabsky kun;;Czech Republic
Arabský plnokrvnik;;Slovakia
Arab Thoroughbred;;Sweden
Arapska Rasa;;Serbia
Ardenais du Nord;;France
Ardenés;;Chile
Ardenner;;Germany
Ardennes;;China
Ardennes;;United Kingdom
Arravani;;Germany
Asino Baio Lucano;;Italy
Asno;;Colombia
Assateague Pony;;United States of America
Asturcón;;Spain
Atheland;;Honduras
Augeron;;France
Australian Brumby;;Australia
Australian Draught Horse;;Australia
Australian Pony;;Australia
Australian Stockhorse;;Australia
Australian Waler;;Australia
Avarskaya;;Russian Federation
Avelignese;;Italy
Avelignese Tradizionale;;Italy
Azerbaidzhanskaya;;Azerbaijan
Azteca;;El Salvador
Azteca;;Mexico
Bagual;;Argentina
Baguio light horse;;Philippines
Baguio pony;;Philippines
Bahr-El-Ghazal;;Chad
Bajau;;Malaysia
Bakhtiari;;Iran
Balikun;;China
Balkar;;Russian Federation
Baluchi;;Pakistan
Banat;;Romania
Bandiagara;;Mali
Bandiagara;;Niger
Bangladesh native horse;;Bangladesh
Barbe;;Algeria
Barbe;;France
Barbe;;Mali
Barbe;;Mauritania
Barbe;;Morocco
Barbe;;Senegal
Barbe;;Tunisia
Barbe-Arabe;;Chad
Barra Pony;;United Kingdom
Barut;;Bosnia and Herzegovina
Bashkirskaya;;Russian Federation
Basotho Pony;;Lesotho
Basseri;;Iran
Baudet de Poitou;;Belgium
Baudet du Poitou;;France
Bavarian;;United Kingdom
Bayerisches Warmblut;;Germany
Beledougou;;Mali
Belga;;Chile
Belga;;Cuba
Belga;;Uruguay
Belgian;;Zambia
Belgian Draught;;Australia
Belgian Warmblood;;Australia
Belgier;;Denmark
Belgische Rijpony;;Belgium
Belgisch Warmbloedpaard;;Belgium
Belorusskaya;;Belarus
Berber;;Germany
Berrichon;;France
Bessarabian;;Bulgaria
Bhirum Pony;;Nigeria
Bhotia Pony;;India
Bhotia Pony;;Nepal
Bityug;;Russian Federation
Bobo;;Burkina Faso
Boer;;South Africa
Boerperd;;Botswana
Boeta;;Bhutan
Bohai;;China
Bornu;;Nigeria
Bose;;China
Bose - Baise Pony;;China
Bosniaken;;Germany
Bosnian Mountain;;Bosnia and Herzegovina
Bosnian Mountain Pony;Domestic Mountain pony;Serbia 
Boudennovskaya;;Russian Federation
Boulonnais;;Belgium
Boulonnais;;France
Bourbonnais;;France
Brandenburger Warmblut;;Germany
Brasileiro de Hipismo;;Brazil
Bretoens trekpaard;;Belgium
Breton;;Brazil
Breton;;France
Breton;;Japan
Breton;;Uruguay
Bretone;;Germany
Broomtail;;United States of America
Brumbie;;Australia
Buckskin;;United States of America
Budiono;;Lithuania
Budjonny;;Germany
Budyonny;;Ukraine
Bulgarian Native;;Bulgaria
Burgdorfer;;Switzerland
Burguete;;Spain
Burmese;;Myanmar
Buryatskaya;;Russian Federation
Busa pony;;Croatia
Busa Pony;;Bosnia and Herzegovina
Buzkashi;;Afghanistan
Byryatskaya;;Russian Federation
Cabadin;;Viet Nam
Caballo Costarricense de Paso;;Costa Rica
Caballo Cubano de Paso;;Cuba
Caballo de Deporte Español;;Spain
Caballo de Monte del País Vasco;;Spain
Caballo de paso;;Honduras
Caballo Deportivo Uruguayo;;Uruguay
Caballo de Pura Raza Gallega;;Spain
Caballo de trote;;Honduras
Calabrese;;Italy
Calvinia;;South Africa
Camargue;;France
Camargue;;Germany
Camargue;;United Kingdom
Cambodian;;Cambodia
Campeiro;;Brazil
Campolina;;Paraguay
Campolino;;Brazil
Canadian;;Canada
Canadian;;United States of America
Canadian Hunter;;Canada
Canadian Pacer;;Canada
Canik;;Turkey
Cape Harness;;South Africa
Cape Horse;;South Africa
Carakachanski Kon;;Bulgaria
Carrossier normand;;France
Caspian;;Australia
Caspian;;Iran
Caspian;;New Zealand
Caspian;;United Kingdom
Caspian;;United States of America
Castillon;;France
Cavallino di Monterufoli;;Italy
Cavall Mallorqui;;Spain
Cavallo Agricolo Italiano;;Italy
Cavallo anglo-arabo-sardo;;Italy
Cavallo Bardigiano;;Italy
Cavallo Del Catria;;Italy
Cavallo della Giara;;Italy
Cavallo Del Ventasso;;Italy
Cavallo Maremmano;;Italy
Cavallo Murgese;;Italy
Cavallo Norico;;Italy
Cavallo Pentro;;Italy
Cavallo Sardo;;Italy
Cavallo Siciliano;;Italy
Cayuse;;United States of America
Ceskomoravsky belgicky kun;;Czech Republic
Cesky sportovni pony;;Czech Republic
Cesky teplokrevnik;;Czech Republic
Chadian;;Ghana
Chaidamu;;China
Chakou Post;;China
Charentais;;France
Charolais;;France
Charysh;;Russian Federation
Cheju;;Korea, Republic of
Chernomorskaya;;Russian Federation
Cheval barbe;;Belgium
Cheval Camarque;;Belgium
Cheval de Nioro;;Mali
Cheval de Selle;;Luxembourg
Cheval de Sport Belge;;Belgium
Cheval de Trait Ardennais;;Belgium
Cheval de Trait Ardennais;;Luxembourg
Cheval de Trait Belge;;Belgium
Cheval selle francais;;Belgium
Chickasaw;;United States of America
Chilkovskaya;;Russian Federation
ChinCôteague Pony;;United States of America
Chistokrovnaya Arabskaya;;Russian Federation
Chummarti;;India
Chumyshskaya Porodnaya Gruppa;;Russian Federation
Chuvashskaya;;Russian Federation
Chwal;;Haiti
CH-Warmblut;;Switzerland
Chyanta;;Nepal
Cimarron;;Peru
Cleveland Bay;;Australia
Cleveland Bay;;United Kingdom
Cleveland Bay;;United States of America
Clydesdale;;Australia
Clydesdale;;South Africa
Clydesdale;;United Kingdom
Clydesdale;;United States of America
Cob;;France
Cob Normand;;Belgium
Cob Normand;;Germany
Coffin Bay Pony;;Australia
Colombiano;;Honduras
Colombiano;;Venezuela
Colorado Ranger;;United States of America
Comtois;;France
Comtois;;Germany
Comune;;Albania
Conestoga;;United States of America
Connemara;;Australia
Connemara;;France
Connemara;;Germany
Connemara;;United Kingdom
Connemaraponny;;Sweden
Connemara Pony;;Belgium
Connemara Pony;;Finland
Connemara Pony;;Ireland
Connemara Pony;;Netherlands
Connemara Pony;;South Africa
Corlais;;France
Corse;;France
Cossack;;Russian Federation
Costarricense de Paso;;Guatemala
Costarricense de Paso;;Honduras
Cow Pony;;United States of America
Cracker;;United States of America
Cremonese;;Italy
Creole;;Guyana
Créole;;Haiti
Crete;;Greece
Criollo;;Dominican Republic
Criollo;;El Salvador
Criollo;;Germany
Criollo;;Guatemala
Criollo;;Nicaragua
Criollo;;Uruguay
Criollo Argentina;;Paraguay
Criollo chileno;;Chile
Criollo chilote;;Chile
Criollo Colombiano;;Colombia
Criollo de paso;;Honduras
Criollo de trote;;Cuba
Criollo Hondureño;;Honduras
Criollo Militar;;Mexico
Criollo Paraguaya;;Paraguay
Criollo Uruguaya;;Paraguay
Crioulo;;Argentina
Crioulo;;Brazil
Cuarto de Milla;;Chile
Cuarto de Milla;;El Salvador
Cuarto de Milla;;Guatemala
Cuarto de Milla;;Honduras
Cuarto de Milla;;Mexico
Cuarto de Milla;;Nicaragua
Cuarto de Milla;;Paraguay
Cuarto de Milla;;Uruguay
Cuarto de Milla;;Venezuela
Cubano de Paso;;Nicaragua
Cukurova;;Turkey
Curly Horse;;Germany
Cushendale;;United Kingdom
Czysta Krew Arabska (oo);;Poland
Dagestan Pony;;Georgia
Dagestanskii Poni;;Russian Federation
Dahmaa;;Yemen
Dales;;Australia
Dales;;Germany
Dales;;United Kingdom
Dales Pony;;United Kingdom
Danish Warmblood;;Australia
Danish Warmblood;;Latvia
Dansk Varmblod;;Denmark
Danubian horse;;Bulgaria
Dareshuri;;Iran
Darkhad;;Mongolia
Dartmoor;;Australia
Dartmoor;;France
Dartmoor;;Germany
Dartmoor ponny;;Sweden
Dartmoor Pony;;Belgium
Dartmoor Pony;;Netherlands
Dartmoor Pony;;United Kingdom
Datong;;China
Dawand;;Afghanistan
Deccani;;India
Delibozskaya;;Azerbaijan
Deli-Orman;;Bulgaria
Delta;;Italy
Den lslandske Hest;;Denmark
Den Jydske Hest;;Denmark
Deutsches Reitpferd;;Germany
Deutsches Reitpony;;Germany
Devon Pack Horse;;United Kingdom
Dilbaz;;Azerbaijan
Djerma;;Niger
Dobrogeana;;Romania
Dølehest;;Norway
Dolny-lskar;;Bulgaria
Domaci Brdski Konj;;Serbia
Domaci Hladnokrvan;;Serbia
Dombi;;Mali
Don;;China
Don;;Kyrgyzstan
Dongalow;;Mali
Dongola;;Chad
Dongola;;Eritrea
Dongola;;Sudan
Donska;;Ukraine
Donskaya;;Russian Federation
Dosanko;;Japan
Draver;;Netherlands
Dülmener;;Germany
Dutch warmblood;;Suriname
East Bulgarian Horse;;Bulgaria
Ebian;;Iran
Eesti hobune;;Estonia
Eesti raskeveohobune;;Estonia
Egvptian;;Egvpt
Egyptian Arabian;;Australia
Einsiedler;;Switzerland
Elenchus;;China
Engelse volbloed;;Netherlands
Englantilainen täysverinen;;Finland
Engleski Punokrvnjak;;Serbia
English;;Turkey
English Arabian;;Australia
English Halbblut Horse;;South Africa
English Riding Pony;;Australia
English Spotted Pony;;Australia
English Thoroughbred;;Sweden
English Thorough Bred;;Hungary
English Warmblood;;Latvia
Eriskay;;United Kingdom
Erlenbach;;Switzerland
Español;;Cuba
Español;;Mexico
Española;;El Salvador
Española;;Guatemala
Española;;Honduras
Española;;Nicaragua
Española;;Spain
Estonskii Tyazhelovoz;;Russian Federation
European Warmblood;;South Africa
Exmoor;;Australia
Exmoor;;Netherlands
Exmoor;;United States of America
Exmoor ponny;;Sweden
Exmoor Pony;;United Kingdom
Falabella;;Australia
Falabella;;Germany
Falabella;;United Kingdom
Falabella miniatuurpaard;;Netherlands
Falabella Pony;;Argentina
Fellpony;;Germany
Fell pony;;Netherlands
Fell Pony;;United Kingdom
Fina sangre francés;;Chile
Fina sangre inglés;;Chile
Finnish Riding Pony;;Finland
Finnpferd;;Germany
Fjord;;Australia
Fjord;;Belgium
Fjord;;Hungary
Fjord;;United Kingdom
Fjord de Norvege;;France
Fjordenpaard;;Netherlands
Fjordhäst;;Sweden
Fjordhest;;Denmark
Fjordhest;;Norway
Fjordpferd;;Germany
Flanders;;France
Fleuve;;Senegal
Fouta;;Senegal
Fox-Trotter (Missouri-Fox-Trotter);;Germany
Franches-Montagnes;;Switzerland
Frederiksborgheste;;Denmark
Freiberger;;Germany
French Coach;;United States of America
Frencher;;Canada
French Warmblood;;Australia
Friesen;;Germany
Friese Paard;;Belgium
Friesian;;Australia
Friesian;;United Kingdom
Friesian Horse;;South Africa
Fries Paard;;Netherlands
Frisona;;Guatemala
Frizona;;Guatemala
Fuldblod;;Denmark
Furioso;;Slovakia
Furioso-North-Star;;Romania
Furisoso-North Star;;Hungary
Galiceno;;Mexico
Galloway Pony;;United Kingdom
Galshar;;Mongolia
Ganzi;;China
Garabagh;;Azerbaijan
Garrano;;Portugal
Gazal;;Bosnia and Herzegovina
Gelders Paard;;Netherlands
Gemlik;;Turkey
German Bessarabian;;Ukraine
German Coach;;United States of America
German Warmblood;;Australia
Giawf;;Yemen
Gidran;;Romania
Gidràn;;Hungary
Glasinacki;;Bosnia and Herzegovina
Gocan;;United Kingdom
Goonhilly;;United Kingdom
Gotlandruss;;Sweden
Great Horse;;United Kingdom
Greenbank Army;;Australia
Groninger Paard;;Netherlands
Guanzhong;;China
Guba;;Azerbaijan
Guizhou;;China
Gutsul;;Ukraine
Guy Fawkes River National Park Brumby;;Australia
Hackney;;Australia
Hackney;;Chile
Hackney;;Germany
Hackney;;Honduras
Hackney;;Netherlands
Hackney;;South Africa
Hackney;;United Kingdom
Hackney;;Uruguay
Hackney Pony;;Australia
Hackney Pony;;South Africa
Haddian;;Iran
Hafflinger;;Australia
Hafflinger;;South Africa
Hafling;;Czech Republic
Hafling;;Hungary
Hafling;;Slovakia
Haflinger;;Albania
Haflinger;;Austria
Haflinger;;Belgium
Haflinger;;Bhutan
Haflinger;;Bulgaria
Haflinger;;France
Haflinger;;Germany
Haflinger;;Luxembourg
Haflinger;;Netherlands
Haflinger;;Switzerland
Haflinger;;Turkey
Haflinger;;United Kingdom
Haflingerhäst;;Sweden
Halfbred of Mezohegyes;;Hungary
Hamdani;;Iran
Hamdani;;Tunisia
Hannovarian;;Australia
Hannover;;Russian Federation
Hannoveraner Warmblut;;Germany
Hannoverian;;Slovenia
Hannoveriana;;Uruguay
Hanover;;Bulgaria
Hanover;;Latvia
Hanover;;Lithuania
Hanover;;Ukraine
Hanoverano;;Chile
Hanoverian;;Botswana
Hanoverian;;United Kingdom
Haoussa;;Mali
Hausa;;Niger
Hausa;;Nigeria
Heavy Draught;;Bulgaria
Hebridean Pony;;United Kingdom
Heihe;;China
Heilongjiang;;China
Henan Light Draught;;China
Henson;;France
Hequ;;China
Herati;;Afghanistan
Hessisches Warmblut;;Germany
Het Nederlandse Trekpaard;;Netherlands
Highland;;Australia
Highland;;France
Highlandpony;;Germany
Highland Pony;;South Africa
Highland Pony;;United Kingdom
Highland sporting;;South Africa
Hinis;;Turkey
Hirzai;;Pakistan
Hispano-Arabe;;Spain
Hispano árabe;;Honduras
Hispano-Araber;;Germany
Hispano-Bretón;;Spain
Hodh;;Mali
Hodh;;Mauritania
Holstein;;Latvia
Holstein;;Lithuania
Holsteiner;;Chile
Holsteiner Warmblut;;Germany
Horse;;Indonesia
Horse;;Papua New Guinea
Horse;;Saint Kitts and Nevis
Horse;;Tanzania, United Republic of
Horse;;Uganda
Croatian Coldblood;Hrvatski hladnokrvnjak;Croatia
Hucul;;Hungary
Hucul;;Slovakia
Hucu;;Poland
Huculsky kun;;Czech Republic
Hungarian;;Hungary
Hungarian Cold-blooded;;Hungary
Hungarian Sport Horse;;Hungary
Hutsul;;Romania
Huzule;;Austria
Huzule;;Germany
lalomita;;Romania
lbero;;Nicaragua
lberoamericano;;Honduras
lberoamericano;;Uruguay
Icelandic;;Australia
Icelandic;;United Kingdom
Iceland Pony;;Belgium
Ijslander;;Netherlands
Indian;;United States of America
lnglés;;El Salvador
lnglés;;Mexico
Ingles pura raza;;Honduras
lnglés Pura Sangre;;Guatemala
Iranian Arab;;Iran
Irish Draught;;Australia
Irish Draught;;Ireland
Irish Draught;;United Kingdom
Irish Hobby;;Ireland
Irish Pony;;Ireland
Irish Sporthorse;;Australia
Irish Sport Horse;;Ireland
Irski poni;;Serbia
Islandais;;France
Islander;;Germany
lslandshäst;;Sweden
islandski konj;;Slovenia
Islannin Hevonen;;Finland
Islenski Hesturinn;;Iceland
Italiano da Sella;;Italy
Iyi;;China
Jabe;;Kazakhstan
Jaca Navarra;;Spain
Jaf;;Iran
Jargalant;;Mongolia
Javakhuri Harness Horse;;Georgia
Jeju;;Korea, Republic of
Jianchang;;China
Jilin;;China
Jinjiang;;China
Jinzhou;;China
Jofi;;Yemen
Jugoslovenski Kasac;;Serbia
Jumli;;Nepal
Kabarda;;Georgia
Kabardin;;China
Kabardiner;;Germany
Kabardinskaya;;Russian Federation
Kahilan;;Iran
Kaimanawa 'Wild' Horse;;New Zealand
Kallblodstravare;;Sweden
Kalmutskaya;;Russian Federation
Kanata Pony;;Canada
Kanata Pony;;United States of America
Karabagh;;Germany
Karabair;;Kazakhstan
Karabairskaya;;Tajikistan
Karabairskaya;;Uzbekistan
Karabakhskaya;;Azerbaijan
Karacabey Halfbred Arab;;Turkey
Karacabey-Nonius;;Turkey
Karachaevskaya;;Russian Federation
Karachai;;Georgia
Karatschaewer;;Germany
Karel'skaya;;Russian Federation
Katharoemo Alogo;;Cyprus
Kathiawari;;India
Kazakh;;China
Kazakh;;Kazakhstan
Keheilan;;Saudi Arabia
Kerqin;;China
Kerry Bog Pony;;Ireland
Kirgiz;;Kyrgyzstan
Kisbéri-Félvér;;Hungary
Kiso;;Japan
Kleines Deutsches Reitpferd;;Germany
Klusak;;Czech Republic
Knabstrupper;;Denmark
Knabstrupper;;Germany
Knabstrupperhäst;;Sweden
Kohband;;Afghanistan
Konik;;Germany
Konik;;Netherlands
Konik polski;;Poland
Kosciusko Brumby;;Australia
Koto-Koli Pony;;Benin
Koto-Koli Pony;;Togo
Krcki konj;;Croatia
kuda-Bali;;Indonesia
kuda-Batak;;Indonesia
kuda-Bima;;Indonesia
kuda-Flores;;Indonesia
kuda-Gayo;;Indonesia
kuda-Jawa;;Indonesia
kuda-Kuningan;;Indonesia
kuda-Lombok;;Indonesia
kuda-Makasar;;Indonesia
kuda-Minahasa;;Indonesia
kuda-Pacu Indonesia;;Indonesia
Kuda Padi;;Malaysia
kuda-Sandel;;Indonesia
kuda-Sumbawa;;Indonesia
Kumykskaya;;Russian Federation
Kun Kinsky;;Czech Republic
Kurdi;;Iran
Kurdi;;Iraq
Kurdi;;Turkey
Kushum;;Kazakhstan
Kushumskaya;;Russian Federation
Kustanai;;Kazakhstan
Kuznetskaya Porodnaya Gruppa;;Russian Federation
Lac La Croix Indian Pony;;Canada
Lamminverinen Ravihevonen;;Finland
L'anglo-arabe;;Morocco
L'arabe-barbe;;Morocco
Latvian Draught;;Belarus
Latvian Harness Horse;;Ukraine
Latvijas zirgi;;Latvia
Lavradeiro;;Brazil
Lenkoran;;Bosnia and Herzegovina
Le poney des Mogods;;Tunisia
Leutstettener;;Germany
Lewitzer;;Germany
Lezginskaya;;Russian Federation
Lichuan;;China
Lipicai;;Hungary
Lipican;;Slovakia
Lippizan;Lipicanac;Croatia
Lipicanski konj;;Slovenia
Lipicky kun;;Czech Republic
Lipitsa;;Romania
Lipitsa;;Serbia
Lipizzan;;Belgium
Lipizzan;;France
Lipizzan;;Hungary
Lipizzaner;;Austria
Lipizzaner;;Bosnia and Herzegovina
Lipizzaner;;Germany
Lipizzaner;;Netherlands
Lipizzaner;;United Kingdom
Lipizzanerhäst;;Sweden
Lipizzaner;;Australia
Lipizzaner;;South Africa
Lipizzano;;Italy
Lithuanian Cart;;Belarus
Lithuanian Heavy Draft;;Lithuania
Ljutomerski kasac;;Slovenia
Llanero;;Venezuela
Locale;;Senegal
Local Horse;;Tonga
Local Moldavian;;Moldova, Republic of
Loire;;France
Lokaiskaya;;Tajikistan
Long Mynd;;United Kingdom
Losina;;Spain
Lovetskaya;;Russian Federation
Lundy;;United Kingdom
Lusitanien;;Belgium
Lusitanien;;France
Lusitano;;Australia
Lusitano;;Brazil
Lusitano;;El Salvador
Lusitano;;Germany
Lusitano;;Mexico
Lusitano;;Portugal
Lusitano;;South Africa
Lusitano;;United Kingdom
Lusitano;;Uruguay
Ma;;Lao People's Democratic Republic
Magyar Hidegvéru;;Hungary
Maine;;France
Makra;;Pakistan
Malakan;;Turkey
Mallorquina;;Spain
Małopolski;;Poland
Maneghi;;Saudi Arabia
Mangalarga;;Brazil
Mangalarga;;Suriname
Manga Larga;;Paraguay
Mangalarga Marchador;;Germany
Mangalarga Marchador;;Uruguay
Manipuri Pony;;India
Manx;;United Kingdom
Marajoara;;Brazil
Marchador;;Brazil
Maremmano;;Germany
Maremmano tradizionale;;Italy
Marismeña;;Spain
Marwari;;India
Mazari;;Afghanistan
M'bayar;;Senegal
Mecklenburger Warmblut;;Germany
Media sangre;;Dominican Republic
Međimurje horse;Medjimurski konj;Croatia
Medzimurski konj;;Slovenia
Megruli Horse;;Georgia
Menorquina;;Spain
Merak Saktenpata;;Bhutan
Merens;;Germany
Mérens paarden;;Netherlands
Mexican Pony;;Mexico
Mezenskaya;;Russian Federation
Miniature;;Belgium
Miniature Horse;;Australia
Miniature Horse;;Philippines
Miniature Pony;;Australia
Miniatuurpaard;;Belgium
Minipaard;;Netherlands
Minusinsk;;Russian Federation
Misaki;;Japan
Misko;;Bosnia and Herzegovina
Missouri Fox Trotting Horse;;United States
Miyako;;Japan
Moldovenesca;;Romania
Monchina;;Spain
Mongol Aduu;;Mongolia
Mongolian;;China
Mongolian - Ujumqin;;China
Moravsky teplokrevnik;;Czech Republic
Morgan;;Brazil
Morgan;;Canada
Morgan;;Cuba
Morgan;;Germany
Morgan;;Honduras
Morgan;;Paraguay
Morgan;;South Africa
Morgan;;Sweden
Morgan;;United Kingdom
Morgan;;United States of America
Morocco Spotted;;United States of America
Morochuca;;Peru
Morochuco Chumbivilcano;;Peru
Morvandeaux;;France
Mossi;;Burkina Faso
Mountain horse;;Montenegro
M' Par;;Senegal
Mugalzhar;;Kazakhstan
Mytilene Pony;;Turkey
Namagdi National Park Brumby;;Australia
Namaqua Pony;;South Africa
Namib Horse;;South Africa
Nanbu;;Japan
Napoletano;;Italy
Narragansett Pacer;;United States of America
Narym;;Russian Federation
Native Racehorse;;Philippines
Nederlands Warmbloed;;Netherlands
Nefza Pony;;Tunisia
Netherlands Warmblood;;Latvia
Newforest;;Sweden
New Forest;;Australia
New Forest;;Denmark
New Forest;;Germany
New Forest;;Netherlands
New Forest;;United Kingdom
New Forest Pony;;Finland
New Forest Pony;;France
New-Forest Pony;;Belgium
Newfoundland Pony;;Canada
New Kirgiz;;Kyrgyzstan
New Lijiang;;China
Ngua Noi;;Viet Nam
Ningqiang;;China
Nivernais;;France
Nogai;;Ukraine
Noma;;Japan
Nonius;;Albania
Nonius;;Romania
Nonius;;Serbia
Nonius;;Slovakia
Nóniusz;;Hungary
Nooitgedachter;;Botswana
Nooitgedacht Pony;;South Africa
Nordestino;;Brazil
Nordlandshest;;Norway
Nordsvensk Hast;;Sweden
Noric;;Slovenia
Noric of Murany;;Slovakia
Norik;;Czech Republic
Noriker;;Germany
Norisches Kaltblut;;Austria
Novoalexandrivska Cart;;Ukraine
Novoaltaiskaya;;Russian Federation
NRPS paard en NRPS pony;;Netherlands
Obva;;Russian Federation
OISK;;Honduras
Oldenborger;;Denmark
Oldenburg;;Latvia
Oldenburger;;Australia
Oldenburger;;Chile
Oldenburger Warmblut;;Germany
Omarqoub;;Yemen
Onega;;Russian Federation
Orel Trotter;;Ukraine
Orlovskaya Courser;;Russian Federation
Orlovskaya verkhovaya;;Russian Federation
Orlovskii Rysak;;Russian Federation
Orlov Trotter;;China
Orlow;;Germany
Oryol;;Kyrgyzstan
Östereichisches Warmblut;;Austria
Ostpreußisches Warmblut Trakehner Abstammung;;Germany
Ox-Araber;;Denmark
Paint;;Brazil
Paint;;Germany
Paint;;South Africa
Paint;;Uruguay
Painted Horse;;Netherlands
Painthorse;;Sweden
Palamino;;Australia
Palamino;;Belgium
Palamino;;Honduras
Palomino;;Canada
Palomino;;Germany
Palomino;;United Kingdom
Palomino;;United States of America
Palouse;;Australia
Pantaneiro;;Brazil
Paso Fino;;Dominican Republic
Paso Fino;;Germany
Paso Fino;;Guatemala
Paso Fino;;United States of America
Paso Fino Colombiano;;Colombia
Paso Peruano;;Germany
Patibarcino;;Cuba
Paulista;;Brazil
Pechorskaya;;Russian Federation
Pedigree Saddle Horse;;Ukraine
Pelna Krew Angielska (xx);;Poland
Percheron;;Australia
Percheron;;Brazil
Percheron;;Burkina Faso
Percheron;;Cuba
Percheron;;Germany
Percheron;;Honduras
Percheron;;Japan
Percheron;;Paraguay
Percheron;;Peru
Percheron;;South Africa
Percheron;;United Kingdom
Percheron;;Uruguay
Percheron;;Zambia
Percherón;;Chile
Persano;;Italy
Persian Arab;;Iran
Peruana;;Nicaragua
Peruano de paso;;El Salvador
Peruano de paso;;Guatemala
Peruano de paso;;Honduras
Peruano de Paso;;Peru
Peruano de Paso;;Uruguay
Pfalz-Ardenner Kaltblut;;Germany
Philippine Pony;;Philippines
Piebald and Skewbald;;Ireland
Pindos;;Greece
Pineia;;Greece
Pinkafeld;;Austria
Pinkafö;;Hungary
Pinto;;Germany
Pinto;;Guatemala
Pinto;;Honduras
Pinto;;Suriname
Pinto cubano;;Cuba
Pleven's Horse;;Bulgaria
Podveleski;;Bosnia and Herzegovina
Poitevin;;France
Polesskaya;;Belarus
Polish Arabian;;Australia
Polish conics;;Latvia
Polopferd;;Germany
Polski koń szlachetny półkrwi;;Poland
Polski koń zimnokrwisty;;Poland
Polski koń zimnokrwisty w typie sokólskim;;Poland
Polski koń zimnokrwisty w typie sztumsklm;;Poland
Poney;;Mali
Poney Ariégeois Mérens;;France
Poney du Logone;;Chad
Poney Français de Selle;;France
Poney Highland;;Belgium
Poney Landais;;France
Poney mérens;;Belgium
Poni;;Lithuania
Poni Asturcón;;Spain
Ponny Shetland;;Cuba
Ponny Welch;;Cuba
Pony;;Brazil
Pony;;El Salvador
Pony;;Guatemala
Pony;;Honduras
Pony;;Paraguay
Pony;;Ukraine
Pony de l'Esperia;;Italy
Pony of the Americas;;Germany
Ponys;;Peru
Croatian Posavina horse;Posavac;Croatia
Posavski konj;;Slovenia
Pottok;;France
Pottoka;;Spain
Prebred English;;Bulgaria
PR Espagnol;;Belgium
Priobskaya;;Russian Federation
Przewalski;;Netherlands
Przewalski Horse;;Mongolia
Przewalski Horse;;Russian Federation
Pugliese;;Italy
Puno Pony;;Chile
Pura Raza Árabe;;Spain
Pura raza española;;Venezuela
Pura sangre de carrera;;Venezuela
Pura sangre de Carrera;;Paraguay
Pura Sangre Inglés;;Cuba
Pura Sangre Inglés;;Spain
Purebred Spanish;;Brazil
Puro Sangre de Carrera;;Peru
Puro Sangue Orientale;;Italy
Pur-Sang;;France
Pur-sang anglais;;Tunisia
Pur-sang anglais;;Morocco
Pur-Sang Anglais;;Belgium
Pur-sang arabe;;Morocco
Puruca;;Brazil
Qarabagh;;Iran
Qashqai;;Iran
Qatgani;;Afghanistan
Qazal;;Afghanistan
Quarter;;France
Quarter;;Guyana
Quarter;;Hungary
Quarter;;Philippines
Quarter;;Suriname
Quarterhäst;;Sweden
Quarterhorse;;Australia
Quarter horse;;Cuba
Quarter Horse;;Belgium
Quarter Horse;;Botswana
Quarter Horse;;Brazil
Quarter Horse;;Canada
Quarter Horse;;Germany
Quarter Horse;;Italy
Quarter Horse;;Netherlands
Quarter Horse;;United States of America
Quarter Pony;;United States of America
Quarto de Milla;;Dominican Republic
Rajshahi Pony;;Bangladesh
Rancher;;South Africa
Rheinisch Deutsches Kaltblut;;Germany
Rheinisches Warmblut;;Germany
Riding Horse;;Finland
Rila Mountain;;Bulgaria
Rocky Mountain;;United States of America
Romanian Draft;;Romania
Romanian Mountain;;Romania
Romanian Sport horse;;Romania
Romanian Trotter;;Romania
Rostopchin;;Russian Federation
Rottaler;;Germany
Rumelian Pony;;Turkey
Russian;;United Kingdom
Russian Cart Horse;;Ukraine
Russian Courser;;Russian Federation
Russian Draft;;Russian Federation
Russian Trotter;;Belarus
Russian Trotter;;Kyrgyzstan
Russian Trotter;;Lithuania
Russian Trotter;;Ukraine
Russkaya krovnaya verkhovaya;;Russian Federation
Russkii Rysak;;Russian Federation
Russkii Tyazhelovoz;;Russian Federation
Russponi;;Finland
Sabih;;Bosnia and Herzegovina
Sable Island Pony;;Canada
Sable Island Pony;;United States of America
Sachsen-Anhaltiner Warmblut;;Germany
Sachsisches Warmblut;;Germany
Saddlebred;;Germany
Saddler;;South Africa
Saglawi;;Iran
Saglawi;;Saudi Arabia
Sahel;;Mali
Salernitano;;Italy
Samand;;Afghanistan
SA Miniature Horse;;South Africa
Samolaco;;Italy
Sanfratellano;;Italy
Sangre pura de Carrera;;Uruguay
Sanhe;;China
Saône-et-Loire;;France
Saqallwiya;;Yemen
Sarcidano;;Italy
SA Sporting horse;;South Africa
SA Warm Blood;;South Africa
Schleswiger Kaltblut;;Germany
Schwarzwalder Kaltblut;;Germany
Schweres Warmblut;;Germany
Schweres Warmblut;;ostfriesisch-altoldenburgisch
Scottish pony;;Bulgaria
Selle Français;;France
Senner;;Germany
Serrana;;Peru
Shagya;;France
Shagya Arab;;Czech Republic
Shagya Arab;;Hungary
Shagya Arabe;;Venezuela
Shagya-Araber;;Austria
Shagya-Arabian;;Romania
Shagya Arabian Horse;;Sweden
Shandan;;China
Shan Pony;;Myanmar
Shetland;;Australia
Shetland;;France
Shetland;;Germany
Shetland;;Honduras
Shetland;;Peru
Shetland;;United Kingdom
Shetland;;Uruguay
Shetland pony;;Netherlands
Shetland Pony;;Belgium
Shetland Pony;;Czech Republic
Shetland Pony;;Denmark
Shetland Pony;;Hungary
Shetland Pony;;South Africa
Shetlandsponny;;Sweden
Shetlannin poni;;Finland
Shirazi;;Iran
Shire;;Australia
Shire;;Germany
Shire;;Netherlands
Shire;;South Africa
Shire;;United Kingdom
Shire;;Zambia
Shirvan;;Azerbaijan
Shweimaa;;Yemen
Siglavi;;Bosnia and Herzegovina
Sistani;;Iran
Skewbald / Piebald;;United Kingdom
Skyros Pony;;Greece
Ślaski;;Poland
Slezsky norik;;Czech Republic
Slovenski haflinski konj;;Slovenia
Slovenski hladnokrvni konj;;Slovenia
Slovenski toplokrvni konj;;Slovenia
Slovenský športový pony;;Slovakia
Slovensky teplokrevnik;;Czech Republic
Small horse;;Finland
Somali Pony;;Somalia
Songhoi;;Mali
Sorraia;;Portugal
Sovetskii Tyazhelovoz;;Russian Federation
Soviet Heavy Draft;;Moldova, Republic of
Soviet Heavy Draught;;China
Soviet Saddle;;Russian Federation
Spanish Barb;;United States of America
Spanish Mustang;;United States of America
Spiti Pony;;India
Spotted;;United Kingdom
Srednekolymskaya;;Russian Federation
Sri Lankan Pony;;Sri Lanka
Stajerski konj;;Serbia
Standardbred;;Australia
Stara Planina;;Bulgaria
Starokladrubsky;;Czech Republic
Starokladrubsky kun;;Czech Republic
St Lawrence;;Canada
Strelets;;Ukraine
Sudan Country-Bred;;Sudan
Süddeutsches Kaltblut;;Germany
Suffolk;;United Kingdom
Suffolk;;United States of America
Suffolk;;Zambia
Suffolk Punch;;Australia
Sulebawa;;Nigeria
Sumbar-Sandel-Arab;;Indonesia
Sunicho;;Bolivia
Suomalainen puoliverihevonen;;Finland
Suomenhevonen;;Finland
Svensk ardennerhäst;;Sweden
Svensk ridponny;;Sweden
Svenskt fullblod;;Sweden
Svenskt halvblod;;Sweden
Svensk varmblodig travare;;Sweden
Swedish Warmblood;;Australia
Syrian;;Syrian Arab Republic
Tadzhikskaya Verkhovaya;;Tajikistan
Taejung;;Korea, Republic of
Tagaytay light horse;;Philippines
Tagaytay pony;;Philippines
Taleshi;;Iran
Tanghan;;Nepal
Tarai Pony;;Nepal
Tarbésan;;France
Taropud;;Iran
Tarpan;;Germany
Tarpan;;Poland
Tarpan;;Ukraine
Tattu;;Nepal
Tavdinskaya;;Russian Federation
Tawleed;;Sudan
Tennessee;;United Kingdom
Tennessee Walking Horse;;Australia
Tennessee Walking Horse;;Germany
Tennessee Walking Horse;;Suriname
Tennessee Walking Horse;;United States of America
Tersk;;Georgia
Tersk;;United Kingdom
Terskaya;;Russian Federation
Tersker;;Germany
Tes;;Mongolia
Thai Pony;;Thailand
Thessalia;;Greece
Thoroughbred;;Slovenia
Thoroughbred;;Australia
Thoroughbred;;Botswana
Thoroughbred;;Brazil
Thoroughbred;;China
Thoroughbred;;Egypt
Thoroughbred;;Ireland
Thoroughbred;;Japan
Thoroughbred;;Korea, Republic of
Thoroughbred;;Lesotho
Thoroughbred;;Philippines
Thoroughbred;;South Africa
Thoroughbred;;Suriname
Thoroughbred Mounts;;Lithuania
Thoroughbred racing horse;;Indonesia
Thoroughbred riding;;Kyrgyzstan
Thoroughbred Saddle;;Russian Federation
Thüringer Warmblut;;Germany
Tibetan;;China
Tibetan Pony;;Nepal
Tibetan - Sikang Pony;;China
Tieling Draught;;China
Timor Pony;;Australia
Tinker;;Germany
Tinker of Ierse Cob;;Netherlands
Tiree;;United Kingdom
Tokara Pony;;Japan
Tolfetano;;Italy
Tolter;;Germany
Tomskaya;;Russian Federation
Tooraq;;Afghanistan
Torian;;Ukraine
Tori hobune;;Estonia
Toriyskaya;;Russian Federation
Torodi;;Niger
Tory;;Belarus
Traber;;Germany
Trait Ardennais;;France
Trait Auxois;;France
Trait Mulassie;;France
Trait Percheron;;France
Trakehner;;Denmark
Trakehner;;France
Trakehner;;United Kingdom
Traken;;Latvia
Trakenai;;Lithuania
Trakenen;;Belarus
Trakenen;;Bulgaria
Trakenenian;;Ukraine
Trakener;;Estonia
Trakeninskaya;;Russian Federation
Transylvaneana;;Romania
Travere;;Denmark
Trocha Pura Colombiana;;Colombia
Trocha y Galope Reunido Colombiano;;Colombia
Trote de andar;;Honduras
Trottatore Italiano;;Italy
Trotter;;Brazil
Trotter;;Hungary
Trotteur Beige;;Belgium
Trotteur Français;;France
Tsushima;;Japan
Tswana;;Botswana
Tuigpaard;;Belgium
Tuigpaard;;Netherlands
Tuigparden;;Germany
Turkemin;;Iran
Turkish Arab;;Turkey
Tushuri Horse;;Georgia
Tuvinskaya;;Russian Federation
Tuvinskaya upryazhnaya;;Russian Federation
Ukrainian Saddle Horse;;Ukraine
Uzunyayla;;Turkey
Vardy;;United Kingdom
Velsska plemena pony;;Czech Republic
Vendéen;;France
Verkhne-Eniseiskaya;;Russian Federation
Vlaamperd;;South Africa
Vlaamse Paard;;Belgium
Vladimirskaya;;Russian Federation
Vladimirskaya Tyazhelovoznaya;;Russian Federation
Vollblut;;Germany
Vollblutaraber;;Austria
Vollblutarber;;Germany
Voronezhskaya upryazhnaya;;Russian Federation
Vuonohevonen;;Finland
Vyatskaya;;Russian Federation
Warmbloed;;Honduras
Warmblood;;Australia
Warmblood;;Mexico
Warmblut des Zuchtverbandes für deutsche Pferde;;Germany  
Waziri;;Afghanistan
Waziri;;Pakistan
Welara Pony;;United States of America
Welsh;;Denmark
Welsh;;Finland
Welsh;;France
Welsh;;Germany
Welsh;;Honduras
Welsh;;United Kingdom
Welsh and COB pony;;Netherlands
Welsh (Feral Section);;United Kingdom
Welsh Mountain Pony;;Australia
Welsh ponny;;Sweden
Welsh Pony;;Belgium
Welsh Pony;;Botswana
Welsh Pony;;Hungary
Welsh Pony;;South Africa
Wenshan;;China
West African Barb;;Senegal
West African Dongola;;Central African Republic
West African Dongola;;Sudan
West African Pony;;Ghana
Western Sudan Pony;;Sudan
Westfalia;;Latvia
Westfalisches Warmblut;;Germany
Westphalian;;Ukraine
Wielkopolski;;Poland
Wild Mustang;;United States of America
Workhorse;;Finland
Wurttemberger Warmblut;;Germany
Xiangfen;;China
Xilinguole;;China
Xini;;China
Yabu;;Afghanistan
Yabu;;Iran
Yagha;;Burkina Faso
Yakutskaya;;Russian Federation
Yanqi;;China
Yargha;;Afghanistan
Yiwu;;China
yomood;;Turkmenistan
Yonaguni;;Japan
Yongning;;China
Yorkshire Coach Horse;;United Kingdom
Yunnan;;China
Yunnan - Lijiang;;China
Yushu;;China
Yuta;;Bhutan
Zabaykalskaya;;Russian Federation
Zangersheide;;Belgium
Zaniskari Pony;;India
Zemaitukai;;Lithuania
Zemaitukai (Modern Type);;Lithuania
Zhangbei;;China
Zhongdian;;China
Zwaar Warmbloed (op oud Oldenburger en Ost-Friese grondslag);;Netherlands
Zweibrücker Warmblut;;Germany   
