Affenpinscher,Monkey Dog,Germany,Terrier Mono
Afghan Hound,-,Afghanistan,Perro Mono;Lebrel Afgano
Aïdi,Chien de l'Atlas; Atlas Shepherd Dog,Morocco,-
Airedale Terrier ,Waterside Terrier; Bringley Terrier;Airedale,England,Rey de los terrier
Akbas,-,Turkey,-
Akita,Matagi-inu; Karae-inu,Japan,Perro Japonés de Akita;  Akita Japonés
Alaskan Husky,-,United States,-
Alaskan Malamute,-,United States,Malamute de Alaska
Alpenländische Dachsbracke,Alpine Dachsbracke,Austria,-
American Akita,-,Japan,Akita americano
American Cocker Spaniel,American Cocker,United States,Cocker americano
American Eskimo Dog,-,Germany,-
American Foxhound,-,United States,Perro de caza de zorros americano
American Staffordshire Terrier,Amstaff; American Staffordshire; American Stafford,England,-
American Water Spaniel,-,United States,Perro de agua americano; Spaniel de Agua americano
Anatolian Shepherd Dog,-,Turkey,Perro de Anatolia
Anglo-français de petite vénerie,-,France,Sabueso Anglo Frances Mediano
Appenzeller Sennenhund,-,Switzerland,Boyero de Appenzell
Ariégeois,-,France,Sabueso del Ariege
Australian Kelpie,Kelpie,Australia,Kelpie Australiano
Australian Shepherd,Aussie,United States,Pastor ovejero australiano; Pastor australiano
Australian Silky Terrier,Silky,Australia,Terrier australiano
Australian Stumpy Tail Cattle Dog,Stumpy; Stumpy Tail; Heeler,Australia,-
Australian Terrier,Aussie,Australia,Terrier de Australia
Austrian shorthaired pincher,Austrian Pinscher; Österreichischer Pinscher;Austrian short hair pincher,Austria,-
Azawakh,Tuareg Sloughi,Mali,-
Barbet,-,France,Perro de agua Frances
Basenji,African Bush Dog; African Barkless Dog; Ango Angari; Avuvi; Congo Dog; Zande Dog,Republic of the Congo,-
Basset artésien normand,BAN,France,Basset artesiano de Normandia
Basset bleu de Gascogne,Blue Gascony Basset; Bleus de Gascogne,France,Basset azul de Gascuña
Basset fauve de Bretagne,,France,Basset Leonado de Bretaña
Basset Hound,Basset ,France,Sabueso enano; Batata
Bayrischer Gebirgsschweisshund,Bavarian Mountain Scenthound,Germany,Sabueso bávaro de montaña
Beagle,-,England,Beagle inglés
Beagle,Beagle Harrier,France ,
Bearded Collie,-,Scotland,Collie barbudo; Collie de las tierras altas; Collie de montaña
Bedlington Terrier,Rothbury Terrier; Rodbery Terrier,England,-
Belgian Sheepdog,Belgian Sheeperd; Chien de Berger Belge,Belgium,Pastor Belga
Belgian Tervuren,Tervueren; Chien de Berger Belge,Belgium,Pastor Belga tervuerense
Berger Blanc Suisse,White Swiss Shepherd Dog,Switzerland,Pastor blanco suizo
Berger de Beauce,Beauceron; Pastor de Beauce; Bas rouge,France,-
Berger de Brie,Briard,France,Pastor de Brie
Berger Picard,-,France,Pastor de Picardia
Berner Sennen,Berner Sennenhund; Bernese Mountain Dog,Switzerland,Perro de Montaña Bernés; Boyero de Berna; Bouvier de Berna
Bichon frise,Bichon à poil frisé,France,Bichon de picos; Bichon de Tenerife
Bichon Havanais,-,Cuba,Bichón Habanero; Bichón Habanés
Billy,-,France,-
Black and Tan Coonhound,Treeing Walker Coonhound,United States,Cazador de mapaches; Perro rastreador negro y fuego
Black Russian Terrier,Black Terrier; Tchiorny Terrier; Russian Black Terrier; Russkiy Tchiorny Terrier,Russia,-
Bloodhound,Chien de Saint-Hubert; St. Hubert Hound,Belgium,Perro de San Huberto
Blue Heeler,Australian Cattle Dog,Australia,Pastor Ganadero australiano
Bolognese,Bottoli; Botolo; Bolo; Bolognese Toy Dog,Italy,Bichon boloñes
Border Collie,Scottish Sheep Dog,Scotland;England,Collie de la frontera; Collie fronterizo
Border Terrier,-,Scotland;England,-
Borzoi,Psovoi; Barsoi; Russian Wolfhound,Russia,Galgo ruso
Bosanski Ostrodlaki Gonic Barak,Psovoi; Barsoi; Russian Wolfhound; Russkaya Psovaya Borzaya,Bosnia,Sabueso Bosnio de pelo cerdoso
Boston Terrier,Boston bull; Boston bull terrier; Boxwood,United States,-
Bouvier des Ardennes,-,Belgium,Boyero de las Ardenas
Bouvier des Flandres,Toucheur de Boeuf ;Vlaamse Koehond,Belgium,Boyero de Flandes
Boxer,Deutscher Boxer,Germany   ,Boxer alemán
Bracco Italiano,Bracco; Italian Pointer; Italian Pointing Dog,Italy,Pointer Italiano
Brandlbracke ,Vieräugl,Austria,Sabueso austriaco negro y fuego
Braque d'Auvergne,-,France,Braco de Auvernia
Braque de l'Ariège,-,France,Braco de Ariege; Ariege Pointing Dog
Braque du Bourbonnais,Bourbonnais Pointer,France,-
Braque français; type Gascogne,-,France,Pointer Frances tipo gascuña
Braque français; type Pyrénées,-,France,Pointer Frances de los pirineos
Braque Saint-Germain,-,France,Braque San Germano
Briquet griffon vendéen,-,France,Grifon Vendeano Medio
Broholmer,-,Denmark,Mastiff danes
Brussels Griffon ,Griffon bruxellois; Belgium Griffon; Petit Brabançon,Belgium,Grifón de Bruselas
Bull Terrier,-,England,Bull Terrier Ingles
Bullmastiff,Bull Mastiff; Bull Mastif,England,-
Ca de Bestiar,-,Spain,Perro de Pastor Mallorquín
Cairn Terrier,Cairn,Scotland,-
Canaan Dog,-,Israel,Perro de Canaán
Canarian Warren Hound,Podenco Canario,Spain,-
Cane Corso Italyno,Italyno,Italy,-
Cane da pastore Bergamasco,Bergamasco,Italy ,-
Cane da pastore Maremmano-Abruzzese,Maremma Sheepdog,Italy,Pastor de Maremma
Caniche,Pudle; Poodle; Poodle toy,Germany,-
Cão da Serra da Estrela,-,Portugal,Perro de la Serra da Estrela
Cão da Serra de Aires,-,Portugal,Perro de la Sierra de Aires
Cão de agua Português,-,Portugal,Perro de Agua Portugues
Cão de Castro Laboreiro,-,Portugal,Perro de Caastro Laboreiro
Cão Fila de São Miguel,Azores Cattle Dog; São Miguel Cattle Dog,Portugal,Chien Fila de San Miguel
Carin Terrier,-,Scotland,-
Cavalier King Charles Spaniel,Cavalier King Charles,England,-
Ceskoslovenský Vlciak,-,Czech Republic;Slovakia,Perro Lobo Checoslovaco; Pastor checoslovaco
Ceský Fousek,Bohemian Wirehaired Pointing Griffon; Bohemian Pointer,Czech Republic,-
Ceský Teriér,-,Czech Republic,Terrier Checo
Chart Polski,Polish Sighthound,Poland,Lebrel polaco
Chesapeake Bay Retriever,Chesapeake retriever,United States,Retriever de Chesapeake
Chien d'Artois,-,France,Perro de Artois; Sabueso artesiano; Basset d'Artois
Chien de berger belge,Belgian Shepherd,Belgium,Perro pastor belga; Perro ovejero belga
Chien de Berger des Pyrénées à face rase,Pyrenean Sheepdog Smooth Faced,France,Pastor de los Pirineos de cara rapada
Chien de Berger des Pyrénées à poil long,-,France,Pastor de los Pirineos de pelo largo; Pyrenean Sheepdog
Chien de Montagne des Pyrénées,Pyrenean Mastiff;Pyrenese Mountain dog,France;Spain,Perro de montaña de los Pirineos; Montaña de los Pirineos; Gran Pirineo
Chien de Saint Hubert,-,Belgium,Perro de San Huberto;St. Hubert Hound; Bloodhound; Sabueso
Chihuahua,Chihuahueño,Mexico,
Chin,Chin Japanes,Japan,
Chinese Crested Dog,Puff;Chinese Crested,China,Perro crestado chino; Crestado
Chow Chow,-,China,
Cimarrón Uruguayo,-,Uruguay,Cimarron; Perro gaucho; Perro criollo
Ciobanesc Romanesc Carpatin,Carpathian Shepherd Dog,Rumania,Pastor rumano de los Carpatos
Ciobanesc Romanesc de Bucovina,-,Rumania,Pastor rumano de Bucovina
Ciobanesc Romanesc Mioritic,Pastor Barak,Rumania,-
Cirneco dell'Etna,-,Italy,Cirneco del Etna; Cirneco
Clumber Spaniel,-,England,-
Coban Köpegi,Karabash,Turkey,Pastor de Anatolía
Collie cross,-,-,-
Collie Rough,Collie; Lassie,Scotland,Collie de Pelo Largo; Collie escoces; 
Collie Smooth,-,Scotland,Collie de Pelo Corto
Coton de Tulear,Coton; Cotie,Madagascar,-
Crnogorski Planinski Gonic,Montenegrin Mountain Hound; Yugoslavian Mountain Hound,Montenegro,-
Curly Coated Retriever,-,England,Retriever de Pelo Rizado
Dachshund,Teckel; Dackel; Wirehaird Dachshund;Miniature Dachshund,Germany,Perro salchicha; Perro Tejon
Dalmatian,The Human Dog; Firehouse dog; Carriage dog; Dalmatinski pas; Dal;Dalmation,Croatia,Dálmata
Dandie Dinmont Terrier,Dandie,England,-
Dansk-svensk gårdshund,Skånsk terrier; Scania Terrier,Denmark;Sweden,Perro Rata
Deerhound,Scottish Deerhound,Scotland,Lebrel Escocés
Deutsch Drahthaar,Drahthaar ,Germany,Braco Alemán de Pelo Duro
Deutsch Kurzhaar,Deutscher Kurzhaariger Vorstehhund ,Germany,Braco Alemán de Pelo Corto
Deutsch Langhaar,Langhaar,Germany,Pointer alemán de pelo largo
Deutsch Stichelhaar,German Rough Haired Pointing Dog,Germany,-
Deutsche Bracke,-,Germany,Sabueso de sangre de Baviera
Deutscher Jagdterrier,Jagdterrier,Germany,Terrier alemán
Deutscher Pinscher,Pinscher,Germany,Pinscher alemán
Deutscher Spitz,Pomeranian,Germany,Spitz enano alemán
Deutscher Wachtelhund,Deutscher Wachtel; German Quail Dog; German Spaniel,Germany,-
Dingo,-,Australia,-
Doberman,Dobermann Pinscher; Dobermann;Doberman Pinscher,Germany,-
Dogo Argentino,-,Argentina,Dogo Argentino
Dogo Canario,-,Spain,Presa Canario
Dogue de Bordeaux,-,France,Dogo de Burdeos
Drentsche Patrijshond,Drent,Netherlands,Perdiguero de Drenthe
Drever,Swedish Dachsbracke,Sweden,-
Drötzörü Magyar Vizsla,Vizsla,Hungary,-
Dunker,Norwegian Hound,Norway,-
English Bulldog,Bulldog,England,Bulldog Ingles
English Cocker Spaniel,Cocker; Merry Cocker; Cocker Spaniel,England,-
English Foxhound,-,England,-
English Mastiff,Mastin; Mastiff,England,Mastin Ingles
English Pointer,Pointer,England,Pointer Ingles
English Setter,Lawerack; Llewellin; Setter,England,-
English Shepherd,English Shepard,England,-
English Springer Spaniel,English Springer Spaniel,England,-
English Terrier,Black & Tan,England,Negro y Caqui
Entlebucher Sennenhund,Entlebucher Mountain Dog; Entelbucher Cattle Dog,Switzerland,Boyero de Entlebuch
Epagneul bleu de Picardie,Blue Picardy Spaniel,France,-
Epagneul Bretón  ,American Brittany Spaniel; Wiegref Bretón;Brittany Spaniel,France, Bretón Americano
Epagneul de Pont-Audemer,Setter of Pont-Audemer,France,-
Epagneul français,-,France,Spaniel frances
Epagneul nain Continental,Continental Toy Spaniel;Papillon,France;Spain;Belgium,Epagneul papillón; Papillón
Epagneul picard,-,France,Spaniel Picardo
Erdélyi Kopó,Copoi ardelenesc,Hungary,Sabueso de Transulvania; Braco húngaro; Cazador húngaro
Eurasier,Eurasipomer; Lobo Chow,Germany,-
Field Spaniel,-,England,Spaniel de campo
Fila Brasileiro,Cão de Fila; Cabeçudo Boiadeiro,Brazil,-
Flat Coated Retriever,-,England,Perro labrador de cubierta lisa
Fox Terrier (Smooth),Smooth Fox Terrier; Fox Terrier Ratonero; Foxie;Fox Terrier,England,-
Fox Terrier (Wire),Foxie,England,Fox Terrier de Pelo Duro
Français blanc et noir,French White and Black Hound,France,-
Français blanc et orange,French White and Orange Hound,France,-
Français tricolore,French White; Orange Hound,France,-
French Bull Dog,-,France,-
French Bulldog,French Bull Dog; Bouledogue français,France;England,-
Gammel Dansk Hønsehund,Cabeza de Old Danish Pointer,Denmark,Antiguo perro de muestra danés
Gascon saintongeois,Virelade Hound,France,-
German Shepherd,Deutscher Schäferhund,Germany,Pastor alemán
Golden Retriever,,Scotland,Golden; Labrador retriever
Gonczy Polski,-,Poland,Perro de caza polaco
Gordon Setter,-,Scotland,Setter escocés
Gos d'Atura Catalá,Catalonian Shepherd; Perro de pastor catalán; Catalonian Sheepdog,Spain;Andorra,-
Grand anglo-français blanc et noir,Great Anglo-Francais White and Black Hound,France,-
Grand anglo-français blanc et orange,Great Anglo-Francais White and Orange Hound,France,-
Grand anglo-français tricolore,Grand Anglo-Francais Tricolore Hound,France,-
Grand Basset griffon vendéen,Basset Griffon Vendéen; Basset Griffon,France,-
Grand bleu de Gascogne,Grand bleu de Gascogne,France,Sabueso azul de Gascoña
Grand griffon vendéen,-,France,Grifón vandeano grande
Great Dane,Deutsche Dogge; German Mastiff; Gentle Giant,Germany;Denmark,Gran danés; Dogo Alemán; Alano Alemán
Greyhound,Galgo; Galgo español; Galgo ingles,Spain,-
Griffon belge,Grifon belga; Grifón de Bruselas; Petit Brabançon,Belgium,-
Griffon bleu de Gascogne,Griffon Bleu de Gascogne,France,-
Griffon d'arrêt à poil dur Korthals,Wirehaired Pointing Griffon; Grifón Korthal,Netherlands;France;Germany,-
Griffon fauve de Bretagne,Fawn Brittany Griffon,France,-
Griffon nivernais,Griffon nivernes,France,-
Grønlandshund,-,Denmark,Perro de Groenlandia
Grosser Münsterländer Vorstehhund,-,Germany,Munsterlander grande 
Grosser Schweizer Sennenhund,Greater Swiss Mountain Dog;Swiss Mountain Dog,Switzerland,Gran Boyero Suizo
Haldenstøvare,-,Norway,Sabueso de Halden
Hamiltonstovare,Hamilton Hound; Swedish Foxhound,Sweden,-
Hannover'scher Schweisshund,Hanoverian Hound; Hanoverian Scenthound,Germany,Sabueso de Hannover
Harrier,Harrier,England,-
Havanese,-,Cuba,-
Hellinikos Ichnilatis,Greek Harehound; Greek Hound; Hellenic Hound,Greece,-
Hokkaïdo,Dō-ken; Ainu-ken; Ainu Dog; Seta; Shita,Japan,-
Hollandse Herdershond,Hollandse herder korthaar,Netherlands,Pastor holandes
Hollandse Smoushond,Dutch Ratter,Netherlands,-
Hovawart,Hovie,Germany,-
Hrvatski Ovcar,Kroatischer Schäferhund,Croatia,-
Hygenhund,Hygen Hound,Norway,-
Ioujnorousskaïa Ovtcharka,South Russian Sheepdog; Ukrainian Ovcharka; Yuzhak; South Russian Shepherd ,Ukraine;Russia,-
Irish Glen of Imaal Terrier,Glen of Imaal Terrier; Irish Glen of Imaal Terrier;  Wicklow Terrier,Ireland,-
Irish Red and White Setter,-,Ireland,Setter irlandés rojo y blanco
Irish Setter,Irish Red Setter,Ireland,Setter Irlandes
Irish Terrier,Terrier Irlandes; Irish red terrier,Ireland,-
Irish Water Spaniel,Shannon Spaniel; Bog Dog,Ireland,Perro de agua irlandes;Spaniel de Agua Irlandés 
Irish Wolfhound,Irish Wolf,Ireland;Belgium,Cazador de lobos irlandés;Lobero irlandés
Islenskur Fjárhundur,Icelandic Spitz; Islandsk Farehond;  Canis islandicus,Iceland,-
Istarski Kratkodlaki Gonic,-,Croatia,Sabueso de Istria de pelo corto
Istarski Ostrodlaki Gonic,-,Croatia,Sabueso de Istria de pelo duro
Jack Russell Terrier,JRT; Jack;Jack Russell,England,-
Jämthund,Swedish Elkhound,Sweden,-
Jugoslovenski Ovcarski Pas - Sarplaninac,Yugoslav Shepherd Dog,Serbia;Macedonia,-
Kai,Alaskan Klee Kai; Klee Kai,United States,-
Kangal,-,Turkey,-
Karjalankarhukoira,-,Finland,Perro de osos de Carelia
Kavkazskaïa Ovtcharka,Caucasian Shepherd Dog; Zhaul Zhali; Caucasian Mountain Dog,Georgia,-
Kerry Blue Terrier,Blue Terrier,Ireland,-
King Charles Spaniel,English Toy Spaniel; Toy Spaniel; Prince Charles Spaniel,England,-
Kishu,Kishu Ke; Kishu Inu,Japan,-
Kleiner Münsterländer,Munsterlander pequeño;Munsterlander Pointer,Germany,-
Komondor,Komondor Hungaro,Hungary,Ovejero hungaro
Korea Jindo Dog,Perro de Chindo,South Korea,-
Kraski Ovcar,Pastor de Karst ,Eslovaquia,-
Kromfohrländer,Krom; Länder,Germany,-
Kuvasz,Kuvaszok,Hungary,-
Labrador Retriever,Labrador,Canada,-
Lagotto Romagnolo,perro de aguas de Romagna,Italy,-
Lakeland Terrier,Lakeland,England,-
Landseer (europäisch-kontinentaler Typ),Landseer,Germany;Switzerland,-
Lapinporokoira,Lapponian herder; Lapland Reindeer dog; Reindeer Herder,Finland,Perro pastor lapón
Leonberger,-,Germany,-
Lhasa Apso,Lhassa Terrier,China,-
Magyar Agar,-,Hungary,Lebrel húngaro; Galgo húngaro
Maltese,Couton; Maltes;Bichon Malteser,Republic of Malta,-
Manchester Terrier,-,England,-
Mastín del Pirineo,-,Spain,-
Mastín español,-,Spain,Mastin leonés
Mastino Napoletano,Neapolitan Mastiff,Italy,-
Miniature Bull Terrier,-,England,Bull Terrier miniatura
Mudi,Canis Ovilis Fenyesi,Hungary,Mudi Hungaro
Nederlandse Kooikerhondje,Kooiker Hound; Small Dutch Waterfowl Dog; Kooiker Dog,Netherlands,-
Nederlandse Schapendoes,Dutch Schapendoes,Netherlands,-
Newfoundland,Terranova,Canada,-
Nihon Supittsu,Spitz Japanes,Japan,-
Nihon Teria,-,Japan,Terrier de Japón; Terrier Japanes
Norfolk Terrier,Terrier de Norfolk,England,-
Norrbottenspets,Nordic Spitz,Sweden,-
Norsk Buhund,Norwegian Sheepdog,Norway,Buhund noruego
Norsk Elghund Grå,Elkhound Noruego,Norway,Cazador de Alces Noruego
Norsk Elghund Sort,-,Norway,Cazador de Alces Noruego negro
Norsk Lundehund,Norwegian Puffin Dog; Lundehund,Norway,-
Norwich Terrier,Terrier de Norwich,England,-
Nova Scotia Duck Tolling Retriever,Retriever de Nueva Scotland; Yarmouth Toller; Little River Duck Dog,Canada,-
Ogar Polski,Polish Hound; Brachet Polonais,Poland,Sabueso polaco
Old English Bulldog,-,England,-
Old English Sheepdog,Bobtail;Old English Shepherd,England,Antiguo perro pastor inglés
Otterhound,-,England,Rastreador de Nutrias
Parson Russell Terrier,Parson Jack Russell,England,-
Pekingese,Lion Dog; Chinese Spaniel; Peking Palasthund,China,Pequines
Perdigueiro Português,-,Portugal,-
Perdiguero de Burgos,-,Spain,-
Perro de agua español,-,Spain,Turco andaluz; Perro turco; Churrino
Perro dogo mallorquín,Ca de Bou; Persa mallorquin,Spain,-
Perro sin pelo del Perú,-,Peru,Perro calato; Viringo; Perro inca; Perro chimu; Perro pila
Petit Basset griffon vendéen,-,France,-
Petit bleu de Gascogne,-,France,-
Petit Brabançon,-,Belgium,-
Petit chien lion,Löwchen,France;Spain;Germany,Pequeño Perro Leon
Pharaoh Hound,Kelb-tal Fenek; Polish Lowland Sheepdog; Valee Sheepdog,Malta,Pastor polaco de Valé
Phu Quoc Ridgeback,-,Vietnam,-
Piccolo Levriero Italyno,Lebrel Italyno; Galgo Italyno,Italy,-
Pit Bull Terrier,-,United States,-
Podenco Ibicenco,Ibizan Warren Hound; Ibizan Podenco; Ca Eivissenc,Spain,-
Podengo Português,Portuguese Warren Hound,Portugal,-
Poitevin,-,France,Perro del alto Poitou
Polski Owczarek Nizinny,Polish Lowland Sheepdog; Valee Sheepdog,Poland,Pastor polaco de Valée
Polski Owczarek Podhalanski,-,Poland,Pastor de Tatra
Porcelaine,Chien de Franche-Comté,Switzerland,Porcelana
Posavski Gonic,Posavac Hound,Croatia,-
Pudelpointer,-,Germany,-
Pug,Carlino Bellullugs; Puggu; Mops; Pug Chinp,China,-
Puli,Pulik;  Hungarian Puli,Hungary,-
Pumi,-,Hungary,Pumi húngaro
Rafeiro do Alentejo,Rafeiro do Alentejo,Portugal,-
Rhodesian Ridgeback,African Lion Dog; African Lion Hound,Zimbawe;Rhodesia,Perro crestado de Rhodesia
Riesenschnauzer,Giant Schnauzer,Germany,Schnauzer gigante
Rottweiler,Rottie; Rott,Germany,-
Russkiy Toy,Russian Toy Terrier; Russian Terrier; Moscow Toy Terrier; Moscovian Miniature Terrier,Russia,-
Russko-Evropeïskaïa Laïka,Russo-European Laika; Laika,Russia,-
Saarlooswolfhond,Saarloos wolfdog,Netherlands,-
Sabueso Español,-,Spain,-
Saluki,Persian Greyhound; Tazi,Medio Oriente,Perro real de Egipto;Galgo persa
Samoiedskaïa Sabaka,Samoyedo;Samoyede,Russia,-
Sarplaninac,Illyrian sheepdog,Serbia;Macedonia,Perro pastor ilirio; Perro pastor de Serbia; Perro pastor macedonio
Schillerstövare,Schiller Bracke; Schiller Hound; Chien courant Hamilton; Schiller-Laufhund,Sweden,-
Schipperke,Spitzke; Spitz,Belgium,-
Schnauzer,Mittelschnauzer; White Schnauzer;Standard Schnauzer,Germany,-
Schweizer Laufhund,Chien Courant Suisse; Swiss Hound,Switzerland,-
Schweizerischer Niederlaufhund,Small Swiss Hound,Switzerland,-
Scottish Terrier,Aberdeen terrier; Scottie,Scotland,-
Sealyham Terrier,-,Gales,-
Segugio Italyno,Galgo Italyno; Italyn Greyhound;Italian Greyhound,Italy,-
Shar Pei,Chinese Fighting Dog; Chinese Shar-Pei;SharPei,China,-
Shetland Sheepdog,Miniature Collie; Sheltie;Scottish Collie,Scotland,-
Shiba,Shiba Ken; Japanese Shiba Inu;Shiba Inu,Japan,-
Shih Tzu,Chinese Lion Dog; Chrysanthemum Dog,China,-
Shikoku,Kochi-ken; Mikawa Inu,Japan ,-
Siberian Husky,Chukcha; Shusha; Keshia; Husky,Russia,Husky siberiano
Skye Terrier,Skye,Scotland,-
Sloughi,-,Marruecos,Galgo arabe
Slovenský Cuvac,Slovensky Cuvac; Slovak Chuvach; Tatransky Cuvac; Slovensky Kuvac y Tchouvatch,Eslovaquia,-
Slovenský Hrubosrsty Stavac (Ohar),Slovak Rough-haired Pointer; Slovak Wirehaired Pointer; Slovak Pointing Griffon,Eslovaquia,Grifon de Muestra Eslovaco de Pelo Duro
Slovenský Kopov,Slovakian Hound; Slovak Hound; Black Forest Hound,Slovakia,-
Smålandsstövare,Smaland Hound ,Sweden,-
South African Boerboel,Boerboel,South Africa,-
Spinone Italyno,Spinone;  Italyn Spinone;  Italyn Griffon;  Italyn Wire-haired Pointer;  Italyn Coarsehaired Pointer; Spinone,Italy,-
Sredneasiatskaïa Ovtcharka,Central Asian Ovcharka; CAO;Aziat,Russia,-
Srpski Gonic,Balkan Hound; Serbian Hound; Balkanski gonic,Serbia,-
Srpski Planinski Gonic,-,Serbia,Sabueso serbio de montaña
Srpski Trobojni Gonic,Serbian Tricolour Hound; Yugoslavian Tricolour Hound; Jugoslavenski Trobojni Gonic,Serbia,-
St.Bernhardshund,St. Bernard; Bernhardiner;Alpine Mastiff;Saint Bernard,Switzerland;Italy,San Bernardo
Stabyhoun,Frisian Pointer;  Frisian Pointing Dog;  Stabij; Beike;Staby,Netherlands,-
Staffordshire Bull Terrier,Staffie; Stafford; Staffy; Staff,England,-
Steirische Rauhhaarbracke,Styrian Coarse-haired Hound; Peintinger Bracke; Steirische Rauhhaarige Hochgebirgsbracke; Wirehair Styrian Mountain,Austria,-
Suomenajokoira,-,-,-
Suomenlapinkoira,-,-,-
Suomenpystykorva,Finnish Spitz; Finnish Hunting Dog;Finnish Spets; Finsk Spets; Loulou Finois; Suomalainen pystykorva ,Finland,-
Sussex Spaniel,-,England,-
Svensk Lapphund,Swedish Lapphund,Sweden,-
Taiwan Dog,Taiwan Canis; Taiwanese Dog;Taiwanse Canis; Formosan Mountain Dog,Taiwan,-
Terrier Brasileiro,Brazilian Terrier; Fox Paulistinha,Brazil,-
Thai Bangkaew Dog,TBD; Bangkaew,Thailand,-
Thai Ridgeback Dog,Red Thai Ridgeback,Thailand,Perro tailandes con cresta
Tibetan Mastiff,Do-Khyi; Mastiff tibetano,China,Dogo del Tibet
Tibetan Spaniel,Spaniel tibetano; Tibbie; Tibet Spaniel,Tibet,-
Tibetan Terrier,Terrier tibetano; Lhasa Terrier; Tibet Apso; Tsang Apso,Tibet,-
Tibetansk Terrier,-,Tibet,-
Tiroler Bracke,Tinolen Bracke,Austria,Braco tirolés
Tornjak,-,Bosnia and Herzegovina; Croatia,Pastor croata
Tosa,Tosa Inu; Tosa Ken; Tosa Tōken; Japanese Fighting Dog; Japanese Mastiff,Japan,-
Västgötaspets,Vallhund; Swedish Cattle Dog; Swedish Shepherd,Sweden,-
Vizsla,Rövidszörü Magyar Vizsla,Hungary,Braco húngaro
Volpino Italyno,Cane de Quirinale; Florentine Spitz;Italyn Spitz ,Italy,-
Vostotchno-Sibirskaïa Laïka,East Siberian Laika,Russia,-
Walker Hound,-,United States,-
Weimaraner,Weimaraner Vorstehhund; Weim; Grey Ghost,Germany,-
Welsh Corgi Cardigan,Cardigan; CWC; Cardi; Welsh corgi;Corgi,Gales,-
Welsh Corgi Pembroke,Pembroke; PWC; Pem; Welsh corgi,Gales,-
Welsh Springer Spaniel,Welsh Springer; Welsh Cocker Spaniel;Welsh Starter;Welshie,Gales,-
Welsh Terrier,Welshie,Gales,-
West Highland White Terrier,Poltalloch Terrier; Roseneath Terrier; White Roseneath Terrier; West Highland Terrier; West Highland White,Scotland,-
Westfälische Dachsbracke,Westphalian Hound,Germany,-
Wetterhoun,"Otterhoun; Dutch ""Spaniel""",Netherlands,-
Wheaton Terrier,Irish Soft Coated Wheaten Terrier;Soft Coated Wheaten Terrier,Ireland,Terrier irlandés de manto suave color trigo
Whippet,English Whippet; Snap dog,England,-
Xiasi ,Xiasi dog,China,-
Xoloitzcuintle,Tepeitzcuintli,Mexico,Perro sin Pelo Mexicano; Perro Azteca
Yorkshire Terrier,Yorkie,England,-
Zwergpinscher,Miniature Pinscher,Germany,Pinscher miniatura
Zapadno-Sibirskaïa Laïka,West Siberian Laika; West laika;West-Siberian Laika,Russia,-
Zwergschnauzer,Dwarf Schnauzer;Miniature Schnauzer,Germany,Schnauzer miniatura; Schnauzer enano