ABA	Animal Breeding Abstracts
adj.	adjective
Afrik.	Afrikaans
Agric.	Agricultural, Agriculture
Alb.	Albanian
BS	breed society, breed societies
BSd	breed standard
Bulg.	Bulgarian (transliterated)
C	Central
c.	century
c.	circa (about)
ca	cashmere
cf.	compare with
Ch.	Chinese (romanized according to the Pinyin system)
Co.	Company
Cro.	Croatian
cw	coarsewooled (i.e. mattress, mixed, or carpet)
Cz.	Czech
d	dairy (i.e. used for milk)
Dan.	Danish
Dept	Department
Dev.	Development
dist.	district
dr	draught
Du.	Dutch
E	East
e.g.	for example
esp.	especially
et al.	and others
etc.	et cetera
etym.	etymology
Exp.	Experiment(al)
fem.	feminine
Finn.	Finnish
Flem.	Flemish
Fr.	French
fr	fat-rumped
ft	fat-tailed (broad or S-shaped)
fw	finewooled (i.e. Merino type)
GB	Great Britain (i.e. England, Wales and Scotland)
geog.	geographical
Ger.	German
Gr.	Greek (transliterated)
h	heavy (horse)
HB	herdbook (or flockbook or studbook)
hd	horned
hr	long hair
Hung.	Hungarian
hy	short hair, woolless
I	Island
i.e.	that is
Imp.	Improvement
inc.	included, includes, including, inclusive
Inst.	Institute
Is	Islands
It.	Italian
Jap.	Japanese (romanized)
L	Lake
l	light (horse)
Lab.	Laboratory
Lat.	Latvian
lat.	latitude
ld	lard
lft	long fat tail
Lith.	Lithuanian
lt	long thin tail
lw	longwooled (medium fine)
m	meat
mo	mohair
mt	mountain
mts	mountains
mu	mule production
mw	medium wool (i.e. intermediate between cw and fw)
N	north
Nat.	National
Nor.	Norwegian
nr	near
NSW	New South Wales
NWFP	North West Frontier Province
obs.	obsolete
occ.	occasionally
Org.	Organization
orig.	origin, original, originally, originated
pa	pack
pd	polled, hornless
Pers.	Persian
pl.	plural
Pol.	Polish
Port.	Portuguese
prim.	primitive (i.e. native unimproved type)
Prov.	Province
py	pony (or small horse)
q.v.	which see
R	River
recog.	recognized
reorg.	reorganized
Res.	Research
resp.	respectively
ri	riding
Rom.	Romanian
Russ.	Russian (transliterated)
S	south
Serb.	Serbian (transliterated)
Serbo-cro	Serbo-Croatian
sft	short fat tail
sim.	similar
sing.	singular
Sl.	Slovak
Sn.	Slovenian
Sp.	Spanish
sp.	species
spp.	species (pl.)
St	Saint
Sta.	Station
subvar.	subvariety
sw	shortwooled (medium fine)
Swe.	Swedish
syn.	synonym(s)
Turk.	Turkish
UK	United Kingdom of Great Britain and Northern Ireland
Univ.	University
usu.	usually
var.	variety or sub-breed
vars	varieties
Vet.	Veterinary
viz.	namely
W	west
w	wooled (but not cw or fw)
WG	Chinese romanized according to Wade-Giles system
z	zebu
